Close,Timestamp,High,Low,Open
244,1424304000,244,225,225
240.25,1424390400,245,240.25,240.25011809
245,1424476800,245,245,245
235,1424563200,249,235,245
235,1424649600,235.001,235,235.00000236
239.75,1424736000,239.75,235,235
237.75,1424822400,239.75,237.75,239.75
238.5,1424908800,239.79999999,237.75,237.75
249,1424995200,249,238.49999999,238.49999999
240.00006025,1425081600,251,240,240
251,1425168000,251,240.0001205,240.0001205
269,1425254400,269,251,252
267.21999999,1425340800,274.5,255,268
280,1425427200,280.00000001,258.87499998,258.87499998
257.00012,1425513600,280.89,257,257
260,1425600000,271.00199999,260,269.00014063
260.00000522,1425686400,260.00000522,260.00000522,260.00000522
260.00003101,1425772800,275.002,260.000031,265
264.00000533,1425859200,285,260.00003101,260.00003101
291,1425945600,291,264.00006385,264.00006385
276.00000001,1426032000,292.95011129,276.00000001,279.00010602
276.00000112,1426118400,289.00010602,276,289.00010602
275.11000009,1426204800,300.99999959,275.11000009,276.00000111
275.10000036,1426291200,275.1100001,275.1,275.1100001
282.10800036,1426377600,282.10800036,275.1,275.10000036
275,1426464000,300.9999995,275,300.9999995
275.00000003,1426550400,275.00000003,275.00000003,275.00000003
262.09000001,1426636800,282.00000001,262.09000001,275.00000009
264.84631516,1426723200,267.01000006,248.82158047,267.01000006
263.56083094,1426809600,267.97667574,254.82343263,254.89895127
263.19298262,1426896000,263.56083094,254.69135706,263.56083094
267.51684843,1426982400,267.51684843,263.77341,265.13784797
260.67351138,1427068800,274.29809789,260.67351138,270.32946018
242.52550736,1427155200,271.59604827,242.5255,263.01895538
247.47551488,1427241600,273,247.47551488,272.99999999
242.5255,1427328000,251.36855193,242.5255,251.36855193
253.3527,1427414400,253.3527,242.91750001,253.22011045
248.72849578,1427500800,258.88067929,243.6819,243.68190247
247.96933001,1427587200,252.0705,247.96933001,252.0705
254.35279355,1427673600,254.35279355,242.52550001,242.52550001
249.33852966,1427760000,253.7301,242.5255,253.5414
249,1427846400,250,239.87000019,239.87000019
255,1427932800,255,229.00000001,245.47586455
255,1428019200,255,253.5,253.5
254.42717667,1428105600,254.42717667,248.9973997,252.58700541
254.69622183,1428192000,262.66977114,252.07634469,252.07634469
254.69622183,1428278400,254.69622183,254.69622183,254.69622183
253.116,1428364800,257.80755,252.10286502,253.88325
248.28703147,1428451200,268,245.691,251.4816875
269,1428537600,269,240.88000001,245.55949496
236.195,1428624000,249.89999998,99.00000007,243.55500001
234.8725,1428710400,249.89999997,230.10000001,233.1575
232.05,1428796800,235.735,230.10000001,234.8725
245.99999987,1428883200,245.99999999,230.10000001,232.05
219.90926541,1428969600,234.000076,213.7184,234.000076
225.1293,1429056000,225.1395,217.69520791,219.90926541
229.57789808,1429142400,229.57789808,221.29080708,226.26174864
223.48807719,1429228800,226.62358212,222.9346875,224.7876
221.5,1429315200,221.65615001,221.5,221.65615001
223.57789808,1429401600,225.5,223.57789808,225.5
223.57789808,1429488000,229.5051,223.57789808,223.57789808
229.7512,1429574400,233,223.57789808,223.57789808
230.5666,1429660800,238.374,230.5666,238.374
231.55429753,1429747200,238.374,229.6777,230.5666
235.0896,1429833600,235.49749476,223.57789808,231.6475
223.57789808,1429920000,233.0649,223.57789808,223.57789808
212.1681,1430006400,223.57789808,206.56436228,223.57789808
219.01,1430092800,219.01,214.2427,219.00999999
227,1430179200,227,227,227
227,1430265600,227,227,227
241.997374,1430352000,255,227,227
233.1665,1430438400,243.432375,233.1665,241.997374
235,1430524800,235,235,235
239.4042,1430611200,239.4042,235,235
233.99829863,1430697600,239.4042,233.99829863,235.52829126
231.0154,1430784000,233.1763,229.6875,233.1763
225,1430870400,240,225,229.7414
225,1430956800,226,225,226
249.53240001,1431043200,249.53240001,240,240
238.5565,1431129600,249.53240001,238.5565,239.806
246.25,1431216000,246.25,246.25,246.25
241.1937,1431302400,246.25,225,225
244.90444044,1431388800,244.90444044,239.07113593,239.07113593
239.39988755,1431475200,239.39988755,239.39988755,239.39988755
243.26620001,1431561600,249.53240001,236.01,240.77139588
243.31250001,1431648000,254,237.005,243.26620001
243.5,1431734400,252.99999999,243.31250001,244
243.31250001,1431820800,249.99999999,243.31250001,243.5
242.42424242,1431907200,245.5,235.00000001,240.5
243.99999999,1431993600,260,230.5,242.00000017
232.52023435,1432080000,243.99999999,232.00000002,240.00000001
232.52549999,1432166400,233.14749997,230.83999767,233.14749997
236.50775007,1432252800,237.40539423,232.52549999,232.52549999
241.78343249,1432339200,242,235.6075675,239.99999999
243,1432425600,243,235.65603177,241.95
234.947125,1432512000,242,234.15866811,236.92205
235.32585376,1432598400,241.6212575,234.326575,240
239.8186175,1432684800,241,235.66789119,235.66789119
237.7,1432771200,241.72665748,236.913,240
237.35460214,1432857600,243,237.34458299,238.51
234.326575,1432944000,237.99999999,234.326575,237.35466667
233.00000001,1433030400,240.99999999,233.00000001,234.326575
231.33781455,1433116800,239.9799959,231.33781455,233.00000001
232.9999998,1433203200,234.99999967,223,230.83999762
232.99999995,1433289600,232.99999995,224.00000001,225.00000354
225,1433376000,229,225,229
229,1433462400,229,225.00000001,225.00000001
226.99999844,1433548800,227.00000008,224.00001675,224.00001675
230,1433635200,243.00000001,225,226.99999843
229.999999,1433721600,229.999999,226.00000001,226.00000001
230,1433808000,237,230,235
237,1433894400,238,230,237
239.99899992,1433980800,239.99899992,229,229
230,1434067200,239.99899992,229,229.5
239.99899992,1434153600,239.99899992,231.00000001,239.99898999
239,1434240000,239,232.50000001,232.50000001
237,1434326400,237.49999999,234.00000001,234.00000001
234.32,1434412800,241.80000001,234.32,237
250,1434499200,250,234.32,234.32
252.76067842,1434585600,254,245,245
249.99999989,1434672000,256.64346013,243.0141492,250
241.704225,1434758400,249.99999989,238.00000001,244.93383776
246.49999999,1434844800,246.49999999,238.74611776,240.197175
245,1434931200,250.95562501,243.18145623,246.49999999
244,1435017600,249,244,249
237.14437355,1435104000,247.85175,233.79446564,246.7871
244.25750294,1435190400,245.49772898,238.63595,238.63595
244.8,1435276800,244.8,239,244.00000245
250,1435363200,250,240.0000024,240.00000241
249.98999999,1435449600,249.98999999,245,245
255.66999999,1435536000,255.67500001,246.90192338,249.98999999
259.365275,1435622400,263.8815,255.17352623,255.41815473
263.05759894,1435708800,263.05759894,253.65851835,259
255,1435795200,256.92304903,255,255.83983613
256.22301049,1435881600,256.22301049,255,255
257,1435968000,257,253.48779475,256.22301049
266.99,1436054400,276.58553125,254.53392093,257.5
268.03348967,1436140800,300.9999993,266,270
262.89154266,1436227200,267.65000001,262.89154266,265.24512018
270.00000001,1436313600,276.46321919,263.482575,267
267.1,1436400000,270.5888486,265.77514014,270.58884859
286,1436486400,289.32575,270.09999999,270.09999999
290.00000001,1436572800,298.25850978,265.41403,265.41403
312,1436659200,312.24054041,296.10649522,298.60792499
288.88888699,1436745600,307.00000001,270.00000001,307.00000001
288.888887,1436832000,292.84749999,288.88888699,288.888887
283.32791599,1436918400,292.8475,283.32791599,292.84749999
281.43066515,1437004800,292.8475,280.233,280.233
280.134925,1437091200,281.43066515,274.74360024,281.43066515
275.519275,1437177600,275.57345,274.24387431,275.568525
277.99999883,1437264000,281.454425,272.90902501,281.45442499
281.9264,1437350400,282.49798267,274.14820466,277.99999883
279.86050498,1437436800,285.99878125,279.1,282.54083484
278.00000001,1437523200,282.794225,278.00000001,278.00000001
278,1437609600,278.00000449,278,278.00000449
284,1437696000,284,278,278
283.93117501,1437782400,294.16835476,283.75387501,283.75387501
288.05340001,1437868800,293.92369999,286.90364013,293.92369999
293.19131973,1437955200,293.19131973,284.866925,285.40000001
291.45133763,1438041600,294.38714898,290.35343548,293.10620822
295.14679126,1438128000,299.4672167,291.45133763,294.07110119
284.61055662,1438214400,293.39719705,284,292.36183522
285.049,1438300800,287.88215399,284,284
279.84502254,1438387200,284.00000001,275.7245078,284.00000001
286.438075,1438473600,286.438075,280,280
288.96564431,1438560000,288.96564431,284.28627499,285.4383
288,1438646400,288,281.10448572,281.10448572
287.5698,1438732800,288.965425,279.79331405,288.19999998
283.738175,1438819200,283.738175,275.637475,279.79331405
275.9225,1438905600,277.22849063,275.9225,277.22849063
263,1438992000,282.235975,262.64762661,280.99991008
268.86343705,1439078400,269.75811042,262.101,263
266.21932357,1439164800,266.21932357,262.1,266.21932357
269.25604587,1439251200,269.25604587,261.60615343,266.21932357
265.413175,1439337600,275.6263664,263.32859493,269.25604587
263,1439424000,269.87728091,260,263.39255361
265,1439510400,265,255,260.143425
258.27685,1439596800,267,258.27685,265
256.76429583,1439683200,264.818575,256.76429583,257.89777067
262.37255219,1439769600,263.884775,257.00000516,257.00000516
178.7193125,1439856000,262.38059156,174.57013394,262.38059156
226.99999929,1439942400,241.876825,191.29999999,191.29999999
234,1440028800,241.75778125,226.99999785,226.99999785
233.13000186,1440115200,242.0500026,228,229.65637733
230.25950309,1440201600,285,225,233.13000271
228.4526468,1440288000,236.14959975,226.43859881,230.25950309
211,1440374400,236.99999909,201.45752417,228.4526468
219.99000003,1440460800,219.99000003,197.57400001,214.965
227.97999999,1440547200,227.99000003,216.15825722,219.99000003
219.99999999,1440633600,229.19941841,208.3,222.00000001
230.14,1440720000,233.99000003,212.183456,215.4287159
235,1440806400,235,220,232
215.025,1440892800,226.90000001,211.01100212,226.90000001
225.04000001,1440979200,226.9,211,215.00000001
223.94469998,1441065600,229.5,223.32478814,226.11789796
226.00000001,1441152000,232.99999999,222.28830581,226
231.00000001,1441238400,232.67213551,224.35971855,226.00000001
231.00000001,1441324800,231.00000001,225.00000001,225.00000001
233.00000001,1441411200,238.99000003,226.54264212,231.00000001
237.7529,1441497600,243.22733484,233.00000001,233.00000001
244.9,1441584000,245,236.5,241.4
239.90000002,1441670400,243.5,239.90000002,243.5
240.59999943,1441756800,243,236.5,242.99999999
243.83099999,1441843200,243.83099999,236.50000001,240.59999866
238.70000001,1441929600,255.00000001,236.37099997,236.60000033
240,1442016000,244.90709278,236.61000002,238.70000001
226.5,1442102400,237.60200001,226.5,237.60200001
228.50000008,1442188800,233.97779999,226.50000021,233.97779999
232.99999594,1442275200,232.9999994,228.50000285,228.50000286
230.00003006,1442361600,233.47357311,230.00003003,232.99999594
232.50000003,1442448000,235.68915619,231.47357312,231.47357312
238.26400001,1442534400,238.26400001,232.50000051,232.70000005
234.47,1442620800,235.8,231.47357311,233.50000101
234.47,1442707200,234.47,231.47357312,234.47
227.49998999,1442793600,233.00000001,227.16978664,233.00000001
226.516353,1442880000,232.49999989,225.91,227.49998999
228,1442966400,232.4999999,227.5413,227.5413
235,1443052800,235,228,230.30000001
238,1443139200,238.26400001,232.01000001,235.52
233.000001,1443225600,238.00000001,232.5,238
233.00050075,1443312000,237.09999999,233.000007,233.000007
243.19999998,1443398400,243.493875,232,237.09998269
242,1443484800,245.4999,234.68665,243.19999999
238.00000001,1443571200,245.4,233.000001,242.14
242.69999999,1443657600,242.69999999,236,236.00000001
240,1443744000,243.5403,236.20001,242.3
242.979,1443830400,242.999,237.99,241.67548782
242.969,1443916800,242.979,237.99,238.16725533
236.98,1444003200,242.969,236.97900001,238.8
242.25,1444089600,249.76639999,236.98000001,238.0878687
243.00000001,1444176000,252.38676,241,242.25
242.30000243,1444262400,248.49999932,242.06,248.49999932
244.00000001,1444348800,246.89,242,246.89
243.1,1444435200,246.5,242.40020005,246.4
248.28210592,1444521600,248.28210623,243.1,243.1
244.6001001,1444608000,248.37944518,243.5092607,243.5092607
248.47210201,1444694400,250.39999882,244.6001001,244.6001001
252.29997287,1444780800,257.26208372,247.15829748,250.38777646
259.2432,1444867200,262.66813468,251.02606982,253.99999995
266.08098303,1444953600,266.08098303,254.00954551,259.50329999
267.04218175,1445040000,277.6389,261,266
269.99999999,1445126400,272.99999996,261,272.99999996
263.00000023,1445212800,269.99999999,261.50000001,261.50000001
275.49999,1445299200,275.5,262.00000001,267.44400081
266.30000001,1445385600,275.49999,261.9246,275.49999
276.14699996,1445472000,276.14700001,261,266.30000001
277.86212966,1445558400,284.29949888,270.31000003,270.31000003
280.00001,1445644800,283.92550526,278.49899517,278.49899517
287.85000016,1445731200,298.73999999,281.60227631,283.05999998
281.49999999,1445817600,291.01634988,279,287.85000018
297.49999395,1445904000,298.5,281,281.59999999
295.19768986,1445990400,307.75,281.01633477,297.69996256
312.59999894,1446076800,314.6753,293.31363296,295.5
326.87000009,1446163200,326.87000009,307.1,312.59999894
310.00000001,1446249600,332,306.45969915,326.8700001
326.74446166,1446336000,328.96200408,312.08011732,312.08011732
369.02958148,1446422400,370.02602501,320.366901,326.744471
400,1446508800,424,355.87499999,366.1
393,1446595200,477,359.48965566,399.99
383.09999996,1446681600,416.05800073,366.71097058,393
379,1446768000,398.88888888,350,382.50000001
390.99999994,1446854400,397.3333333,367.30009891,367.30009891
371.00000001,1446940800,389.35,369,384.500001
384.55,1447027200,387.9099995,362.99999999,371.00006667
335.20014911,1447113600,385.63229092,327.70000002,382.51554957
313.13,1447200000,341,303.33311004,335.20014905
339,1447286400,343.29180826,308.99607256,313.13
339.01194,1447372800,343.10639329,325.00000001,339
340.19,1447459200,340.19,332.2,336.99999899
318,1447545600,341.1,318,340.18999999
332,1447632000,336.00400001,318,318
334.01010403,1447718400,340,331,334.99999222
336.31001221,1447804800,341.77699995,334,338.49998933
328.999999,1447891200,337.89998789,320.10000001,336.31001223
327.50000001,1447977600,332.95,317.99999999,332.949999
328.79999999,1448064000,335.34000003,323,323.49999999
331.9,1448150400,334.68999999,323.1,325.5000414
325.47,1448236800,334.69,324.00004591,328.75
321,1448323200,329.99,321,329.99
326.99,1448409600,329,318.10010001,327.9998999
355.10127219,1448496000,366.95586085,326.99047556,328.989999
361.99995456,1448582400,378.888888,349.00000605,355.10130018
356,1448668800,364,354.00000001,361.99995456
375.00000004,1448755200,378.888888,356.50014836,357.100001
379.49999999,1448841600,385.00000001,371.99999999,375
364,1448928000,379.39999999,355,379.39999999
365.65493181,1449014400,366.36659,353.525125,356.450002
366.99999998,1449100800,375,356.00000801,365.46090835
365.51,1449187200,366,355.12278158,364.99999941
380.45053057,1449273600,392.265,360.12706417,365.49
390.30007076,1449360000,400.00000001,380.99663008,389.99999944
394.20032806,1449446400,403.00000001,388.00009037,397.99999989
418.5542986,1449532800,418.5542986,392.20000001,398.5
421.9999999,1449619200,428.99999997,404.48417735,413.00000018
425.17679999,1449705600,425.17679999,410.000021,420.51425536
452.70000009,1449792000,456.65800001,418.63267478,420.00000027
430.15422975,1449878400,468,405.66284539,445.79596711
433.00000202,1449964800,444.99999993,423.25,427.86722266
443.09999999,1450051200,449.49498,431.00007782,433.04088808
465.15045061,1450137600,465.15045069,442.99999993,443.00000009
453.000001,1450224000,468.49999999,445,465.15045049
453.500001,1450310400,457.9999,451,455.99999999
460,1450396800,465,453.000001,453.500001
460,1450483200,466.929,452.130001,458.000001
438.10101011,1450569600,460,431.01,456.81643452
439.7999,1450656000,443.0999999,426,443.09925
434.84381765,1450742400,439.83131689,432.2589971,432.2589971
445.67999996,1450828800,446,434,434.00000001
453.06292574,1450915200,464.88566999,441.52188074,445.67999
455,1451001600,459.39999999,450,453.0630166
418.53822857,1451088000,460.999999,409.000166,455.99999989
421.24000002,1451174400,429.68242294,412.32,420.95017872
423.59556697,1451260800,431.69037499,417.00000001,423.08
427.00000001,1451347200,437.0783412,421.1,421.1
425.12,1451433600,434.07,420,433.2
430.57315002,1451520000,430.57315002,417,424.27
434.98999999,1451606400,435,428.26000202,428.26000202
436.9499,1451692800,438.13999999,430.5,434.98999999
428.14,1451779200,435.61499822,426.45308869,432.31
432.00001111,1451865600,435.999999,427.29114042,427.29114142
430.37677352,1451952000,435.999999,429.5695,430.14021095
427.50002018,1452038400,434.99999973,427.290001,430.17047263
458.89700208,1452124800,458.89700208,427.50057343,427.50057343
453.05,1452211200,468,446.99999999,451.10001118
447.420001,1452297600,457.3980537,447.00037915,453.05
450.72851988,1452384000,453.02999998,440.02000706,447.420001
447,1452470400,455.66999999,444.89,448.77
434.4962313,1452556800,448.62,434.07784163,448.08324386
433.68500408,1452643200,439.69999998,424.001,433.4962313
429.49640246,1452729600,434.99999999,424,428.53476603
362,1452816000,429.49640246,358.000006,428.88954001
386.4618669,1452902400,387.99999999,333.6,357
370,1452988800,394.1,369.71695546,386.46186691
388,1453075200,399.94999999,367.11112952,371.44223035
378.50200171,1453161600,395,376.73464414,393.89998999
422.88270948,1453248000,422.88270948,377.4225,379.502007
406.0000001,1453334400,420.42999999,401.43089234,418.00000397
380.97271858,1453420800,413.26513434,375,405.0000003
389.94000001,1453507200,404.36071952,378.02890176,378.02890176
402.85787573,1453593600,407.91799999,378.80930001,385.00000003
391.17000081,1453680000,406.80087625,384.90950034,404.82937107
395.11999999,1453766400,399.65700001,384.90950034,390.26000002
396,1453852800,401.17609864,384.332,387.79
378.0000001,1453939200,391.19000101,374.68813274,391.19000101
376.8600002,1454025600,381.0000001,357.59046709,376.98
378.66999987,1454112000,380.5,371.2,378.94281121
367.33999995,1454198400,380.5,362.60000001,380.22999999
370.45,1454284800,380.09999995,360.5,367.33999991
368.6900001,1454371200,377.7777777,368.67145259,376.09
358.52,1454457600,373,351.8881965,368.81387894
389.59999999,1454544000,389.59999999,358.51,360.00002945
385.98899663,1454630400,397.97511686,380.3530589,385.7773098
377.63999823,1454716800,388.18962933,371,388.18962933
372.99999916,1454803200,381.67419373,368.99999823,376.96999674
369.65447893,1454889600,379.00999997,369.09999999,372.99999916
376.71518383,1454976000,380.49,369.65451242,373.21999972
382.97999999,1455062400,385,364.1000001,376.98829552
387.95,1455148800,388.254,371.00000001,382.98
385,1455235200,415.01869658,320,378.34879972
391.98999996,1455321600,397.99999998,380.31135223,384.31
404.88887998,1455408000,406.00000681,390.01050005,391.98999996
403.8416231,1455494400,408.7,397.59,398.00001134
408.00000009,1455580800,412.79999999,399.00000352,399.00000362
413.50000048,1455667200,426,399.55,411.49999999
418.10000823,1455753600,424.76999998,411,413.50000535
417.00000354,1455840000,424.8,413.00000001,420
436.5100001,1455926400,440,416.001,416.001
441.00000442,1456012800,445,420.48999982,436.99999009
440,1456099200,441.00000442,429.17,441.00000442
416.10000178,1456185600,440.00000001,413.42,440
409.45245,1456272000,425.09999896,405.99500043,416.10000178
422.999999,1456358400,425.70181751,384.02000001,409.453
432.48000001,1456444800,432.48000001,411.88900001,420
425.52,1456531200,434.99999,421.00100001,429.00000552
432.84999997,1456617600,439.44,380.99999,430
436.1,1456704000,441.30464888,431.55004679,431.55004679
434.00000001,1456790400,442.89999999,424.73000001,440
425.98623253,1456876800,438.9999999,422.13646503,432.3700057
417.24,1456963200,433.89,408.08999991,423.50910522
408.14999999,1457049600,437.4944444,393.33,422.499999
392,1457136000,410,378.88,400.40000001
407.00000002,1457222400,433,378.99,391.999
409.9,1457308800,420.02688172,401.7,407.00000002
410.40000001,1457395200,415.60594081,402.83042801,409.90000001
404.4,1457481600,415,401.00000003,410.40000001
416.60126,1457568000,419.9,402.25185002,404
421.1,1457654400,424.44475104,413.98,417.3
410.5,1457740800,422.06999999,406.57296965,421.09999999
410.79,1457827200,416.58836052,403,410.64106349
411.95000001,1457913600,420,385,403.88641349
413.49000459,1458000000,419.98956999,408.05,413.16000001
418.1,1458086400,419.9,409.48402084,413.49000459
418.30999999,1458172800,428.85247103,414.5,418.1
404.91999981,1458259200,421,395.00010001,418.30999999
404.25730345,1458345600,416.795,400,401.02100001
409.98,1458432000,415.71129614,404.26,409.22999976
404.36491835,1458518400,412.98,402.92,409.00000001
414.99458,1458604800,418.59410249,403.96155785,406.56757875
416.6,1458691200,423,413.67326001,414.99958
418.8,1458777600,423.81442871,414,416.6
416.71542144,1458864000,418.88,413.50108799,418.00000001
418.32335169,1458950400,420.59117429,413.93,415.47795858
424.0852,1459036800,428.99999996,415,415.271
425.39092016,1459123200,428.75209124,420,424.1252
416.965,1459209600,428.5,410,421.1000001
414.3,1459296000,420.499,410,416.965
417,1459382400,420.42259642,414.30000001,416.7734024
418.2,1459468800,420.04,416.0000001,416.0000001
421.56301498,1459555200,424,418.00000001,418.59
423.99899758,1459641600,424.5,419.91910001,419.91910001
420.50000777,1459728000,423.999,420.2,421.90816998
424.15999996,1459814400,425.887,420.20000007,422.80000782
422.49957852,1459900800,425.938118,420.55,424.15999995
423.99999994,1459987200,424.7050012,420.083,422.92250103
419.00010005,1460073600,426.5,418,421.96837823
420.5,1460160000,426.7,414.140001,419.001
419.71930424,1460246400,425,415.1500001,417.62721002
422.75262835,1460332800,424.77,419,419.71930424
424.89,1460419200,429.98,422.4,423.17538097
425,1460505600,427.5,423.24,426.5
427.17996899,1460592000,428.999,423.511,424.56576567
430.61709605,1460678400,437.30488611,424.81799693,427.1799692
430.85,1460764800,436.34562405,429.599999,430.61709605
428,1460851200,438.79118705,426,431.43100004
430.31052983,1460937600,432.8,427.2,428.81999999
437.93750001,1461024000,440.53415106,427.28621864,428.7
443.12202632,1461110400,448.54054299,434.15442601,437.93750002
450.79900002,1461196800,459.24500033,440.74000012,443.12202632
447.539519,1461283200,456.74703717,445.63418304,450.79900455
453.11,1461369600,454.82827541,446.62111001,449.28214327
460.90144101,1461456000,464.38504995,451,453.11
465,1461542400,474.06891535,456.55000001,460.90144101
467.75,1461628800,472.47999999,463.223,463.9
443.02499607,1461715200,469,443,467.75
451,1461801600,451.1,421.91,443.02499607
455.94999999,1461888000,484.484,445,451
445.68435605,1461974400,456.456,440.01,454.95450011
446.99655141,1462060800,455.2,442.0272721,445.68435605
445,1462147200,451.19999999,425.9,447.4470001
450.858,1462233600,450.9,440.2,445.00000446
449.48999999,1462320000,450.858,444.21390929,447.80000029
446.1200002,1462406400,451.89,444.54430455,445
461,1462492800,463.04787573,444.47999995,446.12000071
457.76002301,1462579200,461.9999,455.32799997,459.89000015
459,1462665600,463,455.41,457.76002301
463.226,1462752000,465.07029999,456.06,459
449.5,1462838400,464.8342,449.48999997,460.50000925
450.23617237,1462924800,455.71900601,449.48999997,449.5
454.44000449,1463011200,455.06,448.09,453.53999998
453.37281795,1463097600,457.98,450.13,454.44000904
455.63002825,1463184000,457.75,450,453.37281795
459.15690131,1463270400,463,454.26416333,455.63002825
453.97511699,1463356800,461.979999,450.9,458
450.71421308,1463443200,457.96737983,448.99999999,453.97511699
447.98,1463529600,456.69,443.80092386,453.5
434.36388823,1463616000,454.89813585,432.3333,448.13000001
436.00000437,1463702400,444.44444443,422.0071547,432.35
435.35569089,1463788800,440,418.17508636,436.00000874
434.17000002,1463875200,450,420,435.35569088
441.27,1463961600,444.97999999,430.00000001,434.17000002
447.93890015,1464048000,449,439.5000001,441.2700006
445.26100055,1464134400,453.35,444,446.99
452,1464220800,454.95834691,445,449.106
460.00000005,1464307200,477.85000015,450.76000448,452
489,1464393600,521,461,466.00811494
525.20000331,1464480000,551.00000005,480,491
534.5,1464566400,542.43419978,522.0149885,529.8419999
529.99999,1464652800,549,510.50000001,537.99999998
535.5,1464739200,541.99999999,517.28,529.9999999
536.8725,1464825600,539.83129126,531.78309789,534.4530179
565.06714367,1464912000,579,534.52000018,537
574.49999999,1464998400,592.17,560.00000003,565.1171004
577.59999985,1465084800,583.5,570,573
584.00999998,1465171200,586.01,574.06772283,577.01
576,1465257600,589,560.102,584.00999998
583.12345678,1465344000,583.12345678,569.1,578
579.96999999,1465430400,582.46999999,567.62649842,580.00003756
579.13,1465516800,579.99999999,573,576
597,1465603200,597,579.13,579.13
666.96500001,1465689600,683,594,597
693,1465776000,700.64880369,653.57765611,666.96500001
674,1465862400,698.9,585,691.99999999
691.999,1465948800,697.546,662.33,672.54241495
764,1466035200,774.767,690.50989865,691.999
747,1466121600,770.99999999,687.01,764
757.89000001,1466208000,788.899999,705,747.00000001
763.419,1466294400,775,741.019,757.89000001
728.99999999,1466380800,767,720.1,763.41899999
668.50015,1466467200,727.37099934,639.7,723
592.296,1466553600,700.68280717,580,667.909
634.67,1466640000,649,555.1,592.296
660,1466726400,687.48000001,630.50000012,634.67
663.45016787,1466812800,710.00000001,640.02000001,665
630,1466899200,671.86199999,616.3810001,668.693
656.66666666,1466985600,656.66666666,621.01,630
649.48524687,1467072000,661.19993856,638,656.66666666
637.5,1467158400,648.62251249,616.6,648.43799993
675.50000002,1467244800,683.22,633.00000001,637.34850013
677,1467331200,690.32099999,666.7459996,671
705,1467417600,707.06764424,674,674.89989999
657.28399283,1467504000,706.99,641.51,705
677.30000001,1467590400,681.99999999,635,661.00437
669.41998679,1467676800,681.99999999,660,681.79999999
677,1467763200,680.63300012,665.00300536,665.00300536
638.6,1467849600,680.6,594,676.07599998
667.00000001,1467936000,667.00000001,634.2,638.601
651.99999989,1468022400,669.65,623,665.001
648.53100024,1468108800,652,638,651.99999991
648.02000649,1468195200,664.48,645.0131,650
666.66666666,1468281600,678,645,648.02000649
657.24999998,1468368000,672.06099999,654,666.66666702
659.50978497,1468454400,669.9,651,655.24999998
665.96077199,1468540800,677.98,658,659.51
667.47426499,1468627200,672.8,659.95,668.39999987
685,1468713600,690,664.00000051,666.57426402
676.953,1468800000,686.68699479,668.325,685
676.49999989,1468886400,677.90999481,667.90000001,676.953
667.23788745,1468972800,677.41999477,661.55500001,676.33999481
663.98300519,1469059200,669.00298217,659.86262502,666.1200052
646.75499481,1469145600,670,641.30499564,664.01000519
656.6399948,1469232000,658.21735,644.1210053,647.595
664.49999833,1469318400,667.09096814,651,654
653,1469404800,664.99999999,650.37997536,664.99999999
655.08851717,1469491200,662.01070364,639.51,653
657.99999999,1469577600,661.000009,642,651.66600519
656.34100519,1469664000,659.5,654.00000013,656.30001
657.99001516,1469750400,661.94,653.56999481,658.1
656.42000519,1469836800,661.21999466,652.001,661.21999466
624.84499481,1469923200,656.74701,616.88400325,656.42000519
610.04999481,1470009600,630.04001521,602.07155041,621.11001143
531.60000008,1470096000,616.7439333,462.94999479,605.01000519
566.18900527,1470182400,590,511.073869,531.60000008
581.04100001,1470268800,595.34100603,566.22900523,566.22900523
574.75600001,1470355200,584.97999998,569.000031,581.04101016
582.53300002,1470441600,592.001,563.001,574.99999999
602.00004615,1470528000,625,584.86400001,586.31999465
597.99999899,1470614400,613.34653466,591.78361695,602.00005616
602.00001069,1470700800,625.29967988,586.0000005,597.99999898
594.68600519,1470787200,619,590.00000001,602.00001067
589.24000523,1470873600,605.51249999,585.03,597.88499477
587.04601803,1470960000,603.21,582.6286338,589.01000077
583.53000526,1471046400,592.01916177,583.1,587.04601803
567.998863,1471132800,585.60598364,561.0001,585.60598364
565.7999886,1471219200,598.875,561.01000001,567.998863
576.52023523,1471305600,583.88999998,561.97999991,563.72220595
574.85998412,1471392000,580,566,576.52023522
576.4709936,1471478400,578.201,566,572.28900521
575.99006035,1471564800,576.97628147,562.98575308,575.72953481
581.99999999,1471651200,584.0510751,570.31156601,575.00000111
580.87500552,1471737600,585.05,580.20000001,581.99999999
588.38599481,1471824000,594.98999999,578,580.87500552
585.03999477,1471910400,595,580.1,585.26300519
583,1471996800,589.81064312,578.50000001,585.03999477
575.78999591,1472083200,582.9899867,572.99999999,580.38000747
578.97999795,1472169600,585.92252841,574.05000008,575.00000122
572.35799479,1472256000,578.97999786,565.00000002,577.70001024
574.1719607,1472342400,577.71735618,562.98575308,571.89799481
573.6960052,1472428800,589,570.6650052,574.17196075
579.96000001,1472515200,584.31999999,572.42180328,576.79999407
573.81003125,1472601600,581.83825636,572.02874947,581.17
574.34090776,1472688000,577.57754404,570.16069518,573.81003398
576.01000003,1472774400,598.61000177,570,574.34090776
610.41999481,1472860800,614.99799999,560.33,578.22741293
610.65,1472947200,620,600,608.00000045
610.10000541,1473033600,615,603.30830002,613.45999479
614.74713894,1473120000,616.9,608,611.41062641
619.72886368,1473206400,623.9,609.726108,615.85017282
634.26777916,1473292800,635.6916378,615.33010519,619.02213382
627.00000002,1473379200,634.8999947,621.1,632.34000001
627.99998771,1473465600,630,623.30000021,627.00000002
610.51369403,1473552000,635.95,591.66395154,627.99998771
611.99999999,1473638400,618,607.43117447,610.51369335
614.00100015,1473724800,620.6,608.4,611.99999999
615.59957393,1473811200,618.30045086,612.55,614.00100015
612.6,1473897600,616.62578322,609,613.10901111
608.47603904,1473984000,614.48979942,608,612.6
608.99999997,1474070400,612.01975329,605.99999359,610.46602794
612.35478011,1474156800,617.47,606.89544201,608.99999999
609.00000008,1474243200,614.71983807,608.12198402,613.99999484
603,1474329600,616.98079117,603,609.00000001
597.49999999,1474416000,605.50918039,593.2,603
597.15000008,1474502400,600,595.02200012,597.49999999
604.1449957,1474588800,605.31364962,596.1489746,597.15000008
603.79999964,1474675200,608,602,604.1449957
601.89673437,1474761600,605,598.68232627,603.02468725
607.80651197,1474848000,610,600.34170207,601.49999997
606.04401133,1474934400,610.94593703,603.02469015,609.99999589
604.20000002,1475020800,607.24597648,603.17306638,606.61782325
607.39999791,1475107200,608.7,604.2,604.20000002
611.5050501,1475193600,612,605.00050011,607.26333193
613.62569006,1475280000,616.99999999,610.90421062,611.50505008
611.66651183,1475366400,615.66734371,607.50050313,615.32319552
612.99999628,1475452800,614.85,609.17596586,611.34805554
612.26038093,1475539200,613.78464703,608.58724194,611.44150158
613.05897033,1475625600,616.99999999,608.58704168,612.26038076
614.00957436,1475712000,616.35952319,611.51469128,613.05897033
617.53312308,1475798400,621.88716005,611.2,612.20060007
620.49000058,1475884800,623.72135462,617.00000001,619.86992
617.00000001,1475971200,621.32345625,615.5562341,621.29999998
618.75470275,1476057600,621.329,615.55726872,617.1
642.96999999,1476144000,643.5,618.25000002,619.99996996
636.00050012,1476230400,643.99999999,635.1,640.11000232
639.37842931,1476316800,642.65,635.20012345,636.0103
640,1476403200,642.7128,635.76290167,639.15772223
640.99999999,1476489600,646,639,639.999999
644.4626621,1476576000,646.6,639.75980949,640.99999999
640.60279395,1476662400,646.6,639.000001,642.27598394
637,1476748800,641.99999998,631.80876656,640.59878151
632.53240637,1476835200,641.94485909,626.05,637
633.64964643,1476921600,636.18943575,626.91,631.97998091
632.88658111,1477008000,637.16989999,630.48413396,633.64703413
663,1477094400,670.87468175,632.56031148,633.6
658,1477180800,669.02920717,655.01000003,662.70484868
655.6,1477267200,659.37826053,653,658
658.48960538,1477353600,666,652.96513003,655.00000001
677.75246256,1477440000,685.58889338,658.01810158,660.80550202
688.90999999,1477526400,689,675.1,677.75246256
692.69796292,1477612800,695,683.27333681,688.37474674
713.14687271,1477699200,724.5360206,691.23743598,692.39331469
702.10000142,1477785600,716.21000062,695.14000258,713.15687271
702.70116079,1477872000,712.03122342,688,702.10000141
734.96999879,1477958400,744.60000001,700,702.7011555
747.79999999,1478044800,748.9,723.86556408,734.88999996
690.777557,1478131200,751.002387,674.1323,747.8
708.73999977,1478217600,712.83600687,684.44742857,690.777557
709.02999479,1478304000,711.8,700,705.54914936
712.37936,1478390400,721.90579101,701.35,708.99999947
705.453,1478476800,714.99999751,698.91028213,712.37935984
713.1480179,1478563200,716,702.68039594,705.478
723.49652225,1478649600,743.12345678,709.42981963,713.1480179
716.89999719,1478736000,727.07499999,710.01,724.9999457
718.70645592,1478822400,722.85815314,709.60421896,716.89999659
705.0429297,1478908800,720,699.07659926,718.70645592
700.10507388,1478995200,706.99999041,681.7228,705.0429297
707.35,1479081600,710.73657611,695,702.23999999
710.3,1479168000,717.90021102,705.42398115,705.46838108
743.42655325,1479254400,751.002387,709.05,713
739.5,1479340800,757.00695209,735,743.43000001
752.2,1479427200,755,734.1,739.5
750.92000083,1479513600,759,740,752.2
732.00000001,1479600000,757,715.65000002,750.92000083
738.60300615,1479686400,742.68668396,730,733.97639343
748.17379309,1479772800,751,731.58575284,740
739.31710591,1479859200,751,731.00000001,749.99999942
737.70763551,1479945600,745.00766316,728.28980075,742.35948016
740.2053982,1480032000,740.2053982,731.000002,737.70763551
733.5,1480118400,743,722.11138261,740.2053982
729.72890417,1480204800,738.020211,727.00000001,733.0331055
731.31003027,1480291200,735.83998546,727.5,727.50000001
731.2,1480377600,735.35,728.1044379,732.03938313
738.5,1480464000,745.17857021,727.89328149,730.41813611
755,1480550400,755,738.91291171,741.65669308
775.72553148,1480636800,782.43814906,753.35383601,755
764.25973783,1480723200,776.77583641,756.77694722,775.72553148
771.79799933,1480809600,772.5,761.97280902,767.51537252
753.3400001,1480896000,772.963,747,771.79799904
758.21022346,1480982400,763.51700987,748.87310374,753.49999593
766.08939045,1481068800,770.5,753,757.81649032
768.52004359,1481155200,773,760,766.06890174
769.22,1481241600,774,765.59723565,767.50000008
774.97999209,1481328000,776,769.1741091,771.95860026
768,1481414400,774.97999993,753.25670245,773.5
779.09999996,1481500800,780,767.47912171,768
776.60000001,1481587200,786.70933342,766.52,778.88888888
777,1481673600,781.99800122,773.19018763,776.60000001
777.00427907,1481760000,781.99800089,776.00001001,778.33748831
782.32000001,1481846400,784.7850419,774,777.00427907
794.12969577,1481932800,794.12969878,781.36038303,782.32000001
789.30083165,1482019200,795,785.50168337,794.12969576
793.17870645,1482105600,794.999999,786,789.5
801.99499865,1482192000,804.03440219,789.49985085,792.78692173
828.99,1482278400,829.99626099,796.91935265,800.07815395
860.79999999,1482364800,869,826.224,828.99
918.90561655,1482451200,920,841.89484999,860.49999999
893.60966646,1482537600,918.90561637,880,917.00000009
896.35444823,1482624000,899.48946432,850.88369341,893.54640164
902,1482710400,916.48999999,886.3237195,895.99
933.9368203,1482796800,939.98603,899.28789852,904.35
980.5,1482883200,984.49999999,932.52200217,933.99289512
974.75099999,1482969600,983.53352975,950.48662063,980.24135135
958.94500534,1483056000,977,925.4,971.10000019
966.17368384,1483142400,967.51,946,958.94500534
999.36463982,1483228800,1008.54999326,957.02,965.00000055
1019.00000076,1483315200,1034.32896003,994.00000044,999.92218873
1037.1,1483401600,1042.02336482,1010,1019.00000076
1136,1483488000,1148,1035.9006986,1037.1
998.8,1483574400,1159.103,882.01,1134.10000001
896,1483660800,1024.88,870,998.8
907.19047915,1483747200,910.8275191,818.45971802,896
916,1483833600,939.65955395,891.1,907
902,1483920000,916.41833046,880,916.41832969
907.1,1484006400,915.83230945,898,903.00000001
781.81160101,1484092800,927.82810365,751,907.92945179
803.6952791,1484179200,832.87989967,752.0102,781.85160104
826,1484265600,830.59290797,776.02899497,805.00000361
817.47703098,1484352000,836.04000001,801.97500223,827
818.7012449,1484438400,823.498,805,817.47703099
829.00000001,1484524800,834.15680536,816,818.762
902.70000066,1484611200,908.53017772,827.75970935,829.00000001
886.20000033,1484697600,912,850,902.27579339
900.23240036,1484784000,906.999999,883.3,886.20000054
895,1484870400,902.42999999,882.5432,900.30000001
925.70599998,1484956800,928.51849391,894.00000001,895.09971139
924.11939955,1485043200,939.06071045,894.10010012,925.70599998
912.22165,1485129600,927.2351,912.22165,923.99
885.00000008,1485216000,923,884.281,912.22165
892.66777263,1485302400,899.99,882.08,885.10000044
914.09767069,1485388800,918,892.66777263,892.66777263
917.02745093,1485475200,921.65,907.8,916.00000001
918.58600386,1485561600,926,909.9873,917.43677492
914.9998,1485648000,923,911.86040584,918.99000001
918,1485734400,920,911.16052226,913
967.12176383,1485820800,970,916.75,919.1191873
983,1485907200,986,955.4,967.75582245
1007.99699708,1485993600,1009.999999,968.2776983,983
1015.04315425,1486080000,1023,989,1007.99699708
1032.95,1486166400,1040,1002.23999999,1015.87273408
1010,1486252800,1034,999,1033
1021.20000021,1486339200,1025,1007.30000001,1008.57261956
1052.00000003,1486425600,1055.29399983,1020.60000001,1022.69999279
1050.98999999,1486512000,1069.06999999,1015,1052.00000003
987.00000001,1486598400,1077.99999998,898.18028762,1050.6
995.29110341,1486684800,1004.99,901.99999995,988.23458713
1000.50000023,1486771200,1010,984.1,994
996.50000001,1486857600,1005,991.57565803,1000.50000023
995.11000001,1486944000,1004.20000001,975.85416898,996.50000001
1012.10000524,1487030400,1019,988.91109699,995.11
1014.83589839,1487116800,1018,1002.32721451,1011.19293063
1039.49925987,1487203200,1045,1011.6,1011.6
1053.67070767,1487289600,1063.58,1035.00000001,1039.49925949
1057.7862231,1487376000,1070,1051.11500341,1055.11944577
1058.17262239,1487462400,1066.19785215,1045.00000001,1059.219
1094.71027735,1487548800,1095,1040.00755062,1058.08301527
1127,1487635200,1133.55363963,1083.333,1092.24051989
1126,1487721600,1138.9786543,1108.55,1126.99999999
1188,1487808000,1195,1120,1126.49999999
1188.11048987,1487894400,1225,1107.51,1186.16100001
1153,1487980800,1191.116,1129,1188.11048987
1179,1488067200,1189,1134,1153
1192.2,1488153600,1199,1171.37648778,1179
1185.00000201,1488240000,1208.092,1178.11,1196.48999991
1234,1488326400,1234.48999999,1183.0000001,1188.04216581
1258.43,1488412800,1279.50000001,1212.26243937,1231.17972735
1287.95000001,1488499200,1294.97999998,1252.50000002,1258.45
1267.99999982,1488585600,1291.53675867,1235,1287.00000002
1276.00290001,1488672000,1280,1241.0899,1261.30000071
1274.3162846,1488758400,1287,1267.75010435,1279.87999997
1231.26,1488844800,1282,1169.05515973,1274.69300001
1146.00000025,1488931200,1243.64892872,1143.00000021,1231.250001
1192.91479877,1489017600,1210,1135,1146.40800021
1113,1489104000,1365,1000,1192.91479876
1175.00999951,1489190400,1200.00000001,1105,1109.99999989
1224.4,1489276800,1232.3,1166.72254864,1174
1237,1489363200,1249.00000004,1171,1224.4
1243.22313985,1489449600,1260,1220.5,1236.99999999
1255.0099998,1489536000,1267.51000001,1241.58999971,1247.94999989
1166,1489622400,1265.20000004,1119.31,1255.1099998
1070,1489708800,1173.99999969,1052,1166
966.00000029,1489795200,1095.07999999,935,1070
1015.1,1489881600,1063.456,965.00000003,971.29066
1036.88000006,1489968000,1053.49999998,1010,1014
1117.97999765,1490054400,1123.4,1034,1036.88000006
1037.69999999,1490140800,1118,986.22000007,1117.97999764
1034.99999987,1490227200,1057.006,1002.52000002,1034.82316026
942.51000039,1490313600,1037.50588201,930.1,1034.99999983
971.95083163,1490400000,980.08958297,888.98999998,946.79999997
963.04740785,1490486400,1008.49999999,948.42378187,971.95083163
1040.25000001,1490572800,1046.52104237,957.673528,966.99999999
1042.34645781,1490659200,1066,1015.5,1042.70581575
1040,1490745600,1057.98,1008,1042
1040.59908959,1490832000,1053.29999995,1022,1040
1081.36295113,1490918400,1095,1036.79880654,1040.59908959
1095.87488705,1491004800,1107.11526922,1069.00000101,1078.15705958
1106.63248382,1491091200,1140,1075,1095
1151.2102033,1491177600,1161,1101.01,1107.797979
1143.90818147,1491264000,1164.43609029,1122.38204087,1151.2102033
1139.99999994,1491350400,1147.88568475,1113.49769376,1143.90818147
1193.92000001,1491436800,1220,1137.23976888,1137.2656011
1197.58999997,1491523200,1208,1176.52610038,1194.11636853
1189.68903824,1491609600,1207.76999999,1172.40000002,1197.58999997
1216.54157433,1491696000,1227.32926696,1180.00000002,1189.68903823
1219.49999999,1491782400,1228.99999993,1202,1216.54157429
1235.99999901,1491868800,1246.17325885,1205.98,1219.54999997
1227.00000044,1491955200,1240.24999996,1220.57,1235.3121445
1186.00000004,1492041600,1240,1160.99998944,1227.00000035
1207.5051791,1492128000,1221.73333333,1183.98989962,1188.98989872
1194.54959853,1492214400,1218,1185.99999959,1207.5051791
1212.5,1492300800,1217.00000001,1190.00000009,1193.94839339
1238.99999999,1492387200,1240.48624047,1205.26,1212.56
1268.04810031,1492473600,1279.99999999,1236.50000223,1238.99999999
1262.88999999,1492560000,1293,1257.00000001,1265
1306.65000023,1492646400,1328,1260,1262.89
1328,1492732800,1334.99999999,1305.55,1306.65000023
1346,1492819200,1349,1291.63403611,1328
1352.19356875,1492905600,1366.9,1336.33991796,1345.3667575
1347.39901051,1492992000,1357.76054805,1325.95555477,1352.19356875
1371.30000001,1493078400,1380.81459654,1341.0960042,1346.86288997
1398.62832429,1493164800,1412.93003847,1364.65264554,1372.98
1439.38101398,1493251200,1448.88882222,1390.00000009,1398.62832429
1413.29999998,1493337600,1450,1369.54757195,1439.38101398
1424.63835519,1493424000,1438,1404.1203479,1413.29999997
1435.08977391,1493510400,1442.75347154,1402,1424.63835515
1529.99999999,1493596800,1585.16,1429.01149368,1435.08977389
1561.907,1493683200,1615.02380427,1510,1529.99999999
1615.62000002,1493769600,1628.88882222,1545.30940914,1562.14433334
1603.89857162,1493856000,1699.13,1515,1615.62
1543.4,1493942400,1663.9717299,1454.12233181,1603.89857162
1598.2058167,1494028800,1629.48,1540.34490983,1543.40000001
1620.15,1494115200,1657,1568,1598.2058167
1705.6743542,1494201600,1723.99999999,1609.99000001,1621.99999994
1758.51393978,1494288000,1813.8000001,1690.09940342,1705.6743542
1799.99999997,1494374400,1816.38960565,1705.1,1758.89751477
1860.10327257,1494460800,1900.99899995,1757.41238003,1799.99999997
1735.70623556,1494547200,1876.88899399,1704,1857.5438325
1822.18209573,1494633600,1828.56892521,1651.95470847,1735.70623556
1826,1494720000,1855,1776.777,1822.18209573
1771.09832331,1494806400,1835,1720,1821.00000004
1787.00000024,1494892800,1799.99,1719,1774.4785105
1872.99999994,1494979200,1897.9,1770.13994165,1790.98999949
1942.14469914,1495065600,1948,1852.28556046,1872.99999999
1966.99999984,1495152000,1994,1925.99999996,1942.2612287
2074.60645908,1495238400,2075.51461898,1959.94713601,1966.9999998
2030.99999999,1495324800,2099.99999999,1985,2073
2090.00000006,1495411200,2229.19999997,1975.19120351,2030.99999996
2244.89495691,1495497600,2245,2065,2092.00000003
2389.00000017,1495584000,2447.99999999,2220,2244
2210,1495670400,2698.36062429,2075.05493865,2389.0000002
2130.82794284,1495756800,2484.45555317,1928,2210
1972.76599998,1495843200,2205.56738819,1538,2135.5
2057.10000001,1495929600,2196,1850,1971.62
2207,1496016000,2252.3002892,1976.01000001,2054.60213318
2139.99999999,1496102400,2284,2050.5,2207.00000001
2196.99999967,1496188800,2240.50000002,2005.93937735,2139.99999998
2314.59525181,1496275200,2368.55663483,2171.08644538,2196.99899999
2408,1496361600,2413.92321999,2267.9299436,2322.20898
2455.30084836,1496448000,2482.25,2344.2680156,2413
2483.55,1496534400,2497.21329063,2374,2460.22139999
2635.35652085,1496620800,2635.35652085,2477.48999998,2483.55
2846,1496707200,2894.99999999,2580,2635.00000005
2645.50430872,1496793600,2862.54525257,2564,2846.00000001
2788,1496880000,2797.14511794,2558.9,2645.50430872
2816.09973687,1496966400,2850.99999949,2769.11589253,2786.16326382
2811.82022002,1497052800,2906.16026926,2760,2813
2937.1,1497139200,2977,2784.00000002,2803.99990001
2571.05013426,1497225600,2965,2300,2937.1
2676.77469678,1497312000,2750,2513.58496152,2566.50556852
2386.78070979,1497398400,2729.21,2273.1,2671.00086237
2374.46992685,1497484800,2459.85750006,2012,2386.7807098
2435.00000001,1497571200,2477.48703455,2240,2374.46992799
2607.14769572,1497657600,2640,2369.61451577,2438.49136377
2492.3,1497744000,2640.44856603,2408,2607.14769572
2583.04709526,1497830400,2596.3421559,2481.49782383,2491.12119074
2668.00000301,1497916800,2785.52657367,2563.73,2584.99999992
2620,1498003200,2775.81626497,2541.20794418,2668.00000301
2673.37636987,1498089600,2704.94331536,2544,2624.90653876
2670,1498176000,2720,2650,2675.32267508
2503.48203847,1498262400,2687.99999999,2450.92370001,2670.881526
2481.8117977,1498348800,2602.08518563,2359.10291486,2503.4303456
2395.28891992,1498435200,2508.92659464,2192.00000001,2479.9
2510,1498521600,2515.99999999,2168.333,2393.38025002
2513.00000002,1498608000,2560.79000002,2390.38105202,2510
2468.47472319,1498694400,2539.5783773,2398.9622295,2517.99999998
2423.6613876,1498780800,2510,2402.11,2466.44776592
2346.54237323,1498867200,2441.99999996,2284,2423.66138761
2435.14325217,1498953600,2465,2295.4139943,2346
2536.4577091,1499040000,2591.89899,2417.54545454,2438.58276941
2603.0000001,1499126400,2624.12345003,2530.01475643,2535.69695163
2599.00010597,1499212800,2619.90012345,2480.61,2579.9544137
2589.9457086,1499299200,2605.44380335,2546.38790528,2599.00014572
2477,1499385600,2599.81347213,2423,2587.05608579
2549.27253246,1499472000,2549.27253246,2420,2476.99999997
2473.1147386,1499558400,2559,2470,2549.27253246
2316,1499644800,2499.59999999,2244,2474.88862999
2283.99552336,1499731200,2375.425162,2183.00000001,2316
2375.92499996,1499817600,2398.445,2195.00000004,2283.99552336
2327.26714203,1499904000,2400,2284.01,2376
2205.90730017,1499990400,2350,2133.99999997,2327.3
1977.5,1500076800,2213.87290324,1972.00001,2205.90730018
1925.89999989,1500163200,2054,1835.00027699,1977.5
2223.40308238,1500249600,2224.84499999,1922.19330015,1922.19330015
2299.99999958,1500336000,2390,2117.27096332,2223.40308238
2249.99999972,1500422400,2409.90497,2210,2299.99999951
2855,1500508800,2925.99999999,2246.91570781,2249.99999972
2666.69902964,1500595200,2864.00000006,2600.5,2850.95
2847,1500681600,2909.51102727,2646.5026124,2669.65585919
2751.43083445,1500768000,2880.1512172,2655,2847.00000004
2769.36363636,1500854400,2815.51744787,2705.01,2751.43083446
2565.99999948,1500940800,2800,2417.33001,2769.36363637
2526.35064673,1501027200,2619.96493511,2400,2565.99999948
2669.999998,1501113600,2695.65148429,2506.44022736,2526.35064674
2789.98120002,1501200000,2844.23,2660,2669.99999799
2719.00000003,1501286400,2794.9,2659.00000005,2788.5
2753,1501372800,2753.48609939,2619.97526495,2723.5697957
2855,1501459200,2882.99999994,2692.17417055,2753.48609939
2736.48268487,1501545600,2927.00000002,2640,2855
2699,1501632000,2760.46813195,2667.6606257,2736.38268496
2794.88999995,1501718400,2808.77059872,2698,2699
2863.0099985,1501804800,2879.90000004,2762.00000002,2789.12000004
3256.53665595,1501891200,3333,2852.82382318,2858.00002018
3228.99999993,1501977600,3309,3143,3253.00000004
3398.99999999,1502064000,3436.20089999,3191,3228.99991998
3411,1502150400,3480,3350,3397.99999999
3334.33601873,1502236800,3429.42220025,3229.18977781,3405.99999998
3415.86609324,1502323200,3444.999999,3306.19746171,3337
3641.33709998,1502409600,3674.9,3400.88,3418.86609323
3767.50499997,1502496000,3767.50499997,3591.56508346,3648.99999994
4025,1502582400,4254.88402546,3833,3865
4186,1502668800,4245,3965,4051.69740436
4149,1502755200,4426,3761.70461157,4310.92800002
4380.99999999,1502841600,4395.55499999,3926,4146.00000001
4262,1502928000,4489.20999994,4180,4380.99999999
4090,1503014400,4354,3960,4262.00000001
4137.62063907,1503100800,4187.8917385,3910,4090
4074.84913119,1503187200,4185.5046549,4035.33083709,4148.31645086
3994.00000003,1503273600,4100.6799598,3950,4074
4064.5176,1503360000,4095,3601.00000005,4003.56396757
4136,1503446400,4249,4020.00000003,4060
4321,1503532800,4365,4105,4132.00000001
4352.00000091,1503619200,4455.123,4261.19417368,4321
4354.95,1503705600,4375,4248.61386148,4352.43520091
4321.66862636,1503792000,4398,4249.39291,4354.94999999
4380.009999,1503878400,4399.99,4170.0000005,4330
4590.00000001,1503964800,4650,4336,4380.009999
4573.3974586,1504051200,4632.19603703,4465.89999997,4590.00000002
4715.15472512,1504137600,4742.4189453,4563.93900054,4567.7
4899.00000047,1504224000,4900,4664.63384397,4715.15472512
4511,1504310400,4950,4361.18000002,4899.99999999
4604.23005,1504396800,4730,4330,4511
4208.99999996,1504483200,4609.41189999,4021.8,4604.23005
4385.95793389,1504569600,4472.35273107,3910,4208.99999996
4589.00866529,1504656000,4630.57664352,4349.09835001,4385.8548202
4613.67058239,1504742400,4685.12007432,4447.22235,4592
4301.07510754,1504828800,4678.1,4050,4613.67058241
4321.06375806,1504915200,4377.59999999,4150,4308.52943341
4230,1505001600,4322.93224359,3973.65663723,4322.14135638
4200.21000001,1505088000,4370,4120.786,4229.99998942
4143.7887779,1505174400,4376.40009654,4050.7196195,4200.21000003
3863.99999999,1505260800,4158.54014199,3738,4143.7887779
3225.00000019,1505347200,3931.34184627,3203,3860.40366478
3696,1505433600,3817.74999997,2927.40000002,3225.00000059
3686.19615279,1505520000,3895.00000002,3504.761,3696
3677.99675073,1505606400,3772,3470.11000004,3685.1
4078,1505692800,4114.27670678,3671.0002,3671.0002
3900,1505779200,4109.69756083,3830.00000001,4077.61645508
3875.95761909,1505865600,4048.47,3831.10000001,3900
3600.00000001,1505952000,3918.21099997,3558.00000001,3875.00000015
3590,1506038400,3745.37997275,3490.20653793,3600
3784.99999999,1506124800,3811,3556.00001,3589.99999959
3659.45499703,1506211200,3802.26862745,3612.27878477,3784.99999999
3925.95699997,1506297600,3975.3307,3655.88281585,3659.45499703
3880.729,1506384000,3990.9,3845,3925.93999999
4202,1506470400,4234.25902018,3879.00000001,3880.729
4190.00838781,1506556800,4277.99999989,4110.00000002,4204.21290001
4168.0678793,1506643200,4245,4010.1,4189.8783878
4365.00000006,1506729600,4390,4164.00000001,4170
4412.79348634,1506816000,4421,4255.51288978,4365.00000006
4401,1506902400,4486.99999999,4358,4412.79348634
4308.88,1506988800,4434.01234,4216,4401
4213.30042629,1507075200,4350.83575743,4173.30560003,4311.05341807
4317.0654709,1507161600,4368.58692255,4131.00000007,4213.30042629
4371.63623916,1507248000,4423.75492629,4298.32,4317.06547089
4440,1507334400,4480,4314.00000001,4371.63623912
4611.00000019,1507420800,4633.39225828,4420.71604367,4440
4787.65755,1507507200,4888,4553.12640386,4617.75757253
4770,1507593600,4939.13,4714.83272866,4782.86989244
4820.00000001,1507680000,4875.47850202,4720,4770
5441.55460001,1507766400,5444.36749996,4820.00000001,4826
5646.6291435,1507852800,5862,5385.60000002,5444.36749995
5832.72549999,1507939200,5850,5560.176205,5646.81105826
5715,1508025600,5880.87,5434.14000003,5839.99999995
5765,1508112000,5800,5565,5715.00000001
5609.38701781,1508198400,5780.10765528,5512.68447392,5765
5562.99999973,1508284800,5609.3870178,5100,5609.3870178
5696.65487095,1508371200,5737.90918111,5495.86543267,5569.64953294
5992,1508457600,6095,5600.09056759,5696.65487095
6009.33864396,1508544000,6180,5865,5990
5963.68434001,1508630400,6069.99999999,5707.36180313,6009.33864396
5899.99999999,1508716800,6058.99999998,5500,5975
5508.76,1508803200,5900,5460,5900
5709.31000001,1508889600,5745,5362.39,5500.00000003
5880.00000001,1508976000,5968,5669.10470001,5709.31000001
5756.51178353,1509062400,5999.00201,5683.1844118,5882.00000001
5719,1509148800,5870.32000074,5641,5756.51178354
6155,1509235200,6248.63,5670,5719
6125,1509321600,6246.07500019,6004.39742146,6155
6450.02162843,1509408000,6475.44007663,6091.09,6121.35190656
6739.791199,1509494400,6739.791199,6351,6455
7025,1509580800,7281.42800003,6607.30296794,6739.79119899
7124.35999982,1509667200,7438.62920135,6921.23923663,7025
7365.99999999,1509753600,7440.00000004,6864.16306531,7124.35999982
7379.16813705,1509840000,7599,7250.3,7360.00000009
6929.97042124,1509926400,7420,6908.51315854,7379.16813705
7084.87344467,1510012800,7250.99999997,6929.97042124,6929.97042124
7409.99999999,1510099200,7770.99929997,7000,7084.87344467
7020,1510185600,7441.99999994,6955.47946617,7398
6543.20421755,1510272000,7277.39199995,6315,7020
6300.00000041,1510358400,6800,6150,6544.4404005
5834.99999999,1510444800,6549.00000006,5151,6318.99999999
6475.7786365,1510531200,6701.98532544,5773.22256332,5840.54588383
6554.91826454,1510617600,6687.99999997,6299.35892763,6477.99999999
7275.1192,1510704000,7298.35,6554.91826453,6554.91826454
7858.00100004,1510790400,7980,7082.12862336,7275.1192
7687.51011467,1510876800,8022,7511,7858.999
7770,1510963200,7855.180018,7413.00000009,7687.51011467
8060,1511049600,8131.29887311,7650.00000001,7768.3834313
8249.00000001,1511136000,8299.754,7951,8076.49966669
8107,1511222400,8389.16699997,7807,8249.00000001
8213.64556508,1511308800,8319,8077.8244035,8107
8000,1511395200,8268.31399996,8000,8213.64556508
8198.93,1511481600,8338.58061257,7890,8000
8709,1511568000,8709.99999914,8144.52362511,8190.00050001
9284.33658751,1511654400,9350,8682.99999994,8709
9711.00000013,1511740800,9730.00000016,9211,9284.33658751
9879.96875865,1511827200,9951.42766235,9599.99999987,9711.00000014
9702,1511913600,11447.09553169,8700,9882.09865999
9907.67682035,1512000000,10570.10000001,8861,9730.99999955
10699.888888,1512086400,10829.585001,9350.3,9907.76
10895.7862823,1512172800,11197.80895967,10595.00515206,10699.888888
11174.99999992,1512259200,11847.88172105,10465,10895.7862823
11600,1512345600,11600,10800.8245999,11174.99999992
11665.13875565,1512432000,11867,11411.70741524,11600
13580.90538838,1512518400,13666,11641.00000001,11665.13875565
16563.50743405,1512604800,16672,13092.27285484,13580.90538838
15847.67803098,1512691200,17200,13899.9999999,16563.50743405
14690.2198385,1512777600,16234.14,12919,15847.67803098
14906.01490599,1512864000,16000,12700.006,14690.21983851
16478.96,1512950400,17450,14906.00000001,14929.8
16227.9999999,1513036800,16980,15667,16478.96
15907,1513123200,16530.000001,15100,16227.9999999
16401.52900029,1513209600,16668.00000001,15451,15939
17540,1513296000,18000,16300,16401.52900033
19223,1513382400,19764.788462,17250.99999998,17540.00000005
18959.19999967,1513468800,19903.4402144,18569.63785309,19222.99999997
18930.53404981,1513555200,19200,17805.43793687,18959.19999966
17309.99999999,1513641600,19000,16502,18930.53404981
16470,1513728000,17835.00000003,15550.00000008,17309.99999999
15293,1513814400,17375.98798753,14500,16403.59874676
13247.06419074,1513900800,15519.79447536,11362.39,15180.00000001
13830,1513987200,14940,13000,13200.00000001
13517.00000009,1514073600,13999,11703.13716406,13830
13637.99999972,1514160000,14300,12702.8464126,13510.98484645
15700.085745,1514246400,16050.65549987,13510.53958989,13637.99999972
15370.01000001,1514332800,16500.90800028,14454,15690.00000006
14307.3458536,1514419200,15464.07930619,13260.01051,15370.01000001
14305.53422499,1514505600,15100,13770.00000005,14307.3458536
12351.93000029,1514592000,14365.38790685,11701.00000003,14305.53422499
13769.34198361,1514678400,14145,12205,12390
13351.7394064,1514764800,13891.99999996,12800,13799.99999984
14738.00000001,1514851200,15325,12875,13400.71449717
15150,1514937600,15440.725015,14476.14012492,14731.20000023
15167.62803252,1515024000,15400.00000004,14083.91135919,15150
16924,1515110400,17108,14772.4649684,15167.62803252
17158.72758957,1515196800,17257.08719135,16200,16923.99999996
16174.43357169,1515283200,17177.44769997,15683.8615253,17158.7275
14922.81071439,1515369600,16277.49999996,13268.188,16170.7066618
14388.06253537,1515456000,15427.83421139,14110.83932393,14915.08478054
14854,1515542400,15000.00000006,13270,14388.06253538
13291.67567771,1515628800,14931.00000004,12593.46211929,14854
13812.52734302,1515715200,14119.63214537,12600,13255.00000168
14204.99999789,1515801600,14591.36669224,13758,13812.52734302
13560,1515888000,14449.0273932,12853.99999974,14178.00000001
13580,1515974400,14300,13304.02596262,13560
11102.69798098,1516060800,13589.88232828,10000,13580
11036.11532467,1516147200,11800,9150.28999997,11041.42197477
11010.00009,1516233600,11900,10400,11088.99122314
11410.53924928,1516320000,11750,10641,11010.00009
12750.17487957,1516406400,13400,11406.70000101,11412.12
11510,1516492800,12750.17487364,10950,12748.89985765
10767,1516579200,11896.06346557,9947.99999998,11510
10807.7699848,1516665600,11400,9880.00000009,10767
11388.8,1516752000,11516.79592154,10350,10829.99999963
11170.46487644,1516838400,11722.64501562,10890,11388.7838514
11079.309822,1516924800,11635.62260994,10293.1857382,11167.46487651
11480.56138879,1517011200,11650,10824.81809367,11079.309822
11849.99989962,1517097600,12200,11425,11480.56138955
11227,1517184000,12000,11100,11849.99989962
10181.53934991,1517270400,11271.32887049,9850,11235.46599465
10261.25665107,1517356800,10424.62688464,9700.46388593,10184.66464945
9199.57000007,1517443200,10367.78412393,8820,10261.25665108
8872.00000009,1517529600,9211.44851783,7966.88926862,9199.57000009
9216.41034089,1517616000,9497.134812,8207.79288033,8890.977208
8168.01000005,1517702400,9400,7900.05161,9215.56138953
6960,1517788800,8369.99999998,6666.6666666,8195.26036052
7723.99999884,1517875200,7921.69007689,6012.62120401,6957.00000001
7568.39928201,1517961600,8640,7200,7719.43699777
8250,1518048000,8700.09999999,7568.39928203,7584.00167162
8682.31340707,1518134400,8744.99999999,7756,8254.28850196
8560.42138972,1518220800,9069.99999984,8144.47445801,8682.31340707
8070,1518307200,8560.42138972,7805,8544.23896512
8910,1518393600,9000,8070,8070
8500.61835334,1518480000,8943.49999999,8355,8889.00000164
9469.99998292,1518566400,9485.88887924,8500.6183543,8523.09999763
10004,1518652800,10198.5,9319.84000301,9456.2142096
10161.00000514,1518739200,10279.99999999,9674.52416058,10010
11049,1518825600,11069.43999976,10045,10161.00000514
10379.00000001,1518912000,11248,10080,11049
11155.99999985,1518998400,11246.98765432,10289.99999911,10399.99999946
11217.16508497,1519084800,11777,11080.99999997,11178.99999824
10441.06050012,1519171200,11272.56700835,10224.30217055,11217.16508497
9845.53808217,1519257600,10912,9722.22419156,10441.06050012
10149.24000003,1519344000,10405.49959884,9559.9702306,9826.55515516
9700,1519430400,10490,9360.00000009,10148
9559.19777954,1519516800,9844.99999999,9247.71854949,9690.61347383
10338.04883746,1519603200,10455,9358.52927553,9560.19775733
10589.17434034,1519689600,10879,10121,10330.5116
10322.06729641,1519776000,11074,10252.00000001,10588.1532
10936.78449799,1519862400,11080,10201.12439999,10322.06729641
11022.24380591,1519948800,11193.00000028,10777.00000001,10934.19799973
11441.00000065,1520035200,11539.43999433,11014.2716,11014.2716
11500.60520003,1520121600,11547.36779581,11075.48434259,11460
11434.99999889,1520208000,11700,11417,11514.6079455
10734.02469622,1520294400,11434.99999889,10558.97250033,11434.99999889
9909.60413712,1520380800,10893.75963244,9424,10719.57445341
9281.94370128,1520467200,10109.77083479,9070.00000001,9909.60413712
9230.48866747,1520553600,9410.56138943,8359.32039962,9298.62936256
8760.7768,1520640000,9509.99999995,8680,9215.90764284
9523.53110032,1520726400,9726.22913411,8443.78491653,8768.99999999
9101.30580003,1520812800,9900.00000191,8777.22362708,9530
9121.00715914,1520899200,9478.99999999,8829.32583225,9127.58779987
8187.99998872,1520985600,9350,7935,9125.999996
8259.8224,1521072000,8437,7648.0607857,8187.99998827
8258.66373104,1521158400,8589.58559982,7906.94368489,8250
7850,1521244800,8353.70899998,7723.14847086,8258.66373104
8200,1521331200,8325.94657268,7321,7852.75469967
8611,1521417600,8698,8100.99999999,8208.6373
8886.88859654,1521504000,9039.68000007,8306.81315698,8609.4422
8905.70096672,1521590400,9176.43934596,8759.87579422,8885.99999656
8712.00720381,1521676800,9106.26756362,8480.11254304,8896
8907.7,1521763200,8907.7,8270,8700
8533.31390908,1521849600,9000,8510,8908.42081826
8454.81444718,1521936000,8660.99248761,8330,8533.31390907
8116.52304613,1522022400,8497.96079172,7840,8459.4316022
7782.71671273,1522108800,8200,7739,8141.49178806
7943.58381606,1522195200,8100.1,7731,7782.71671273
7080.40276816,1522281600,7966.5132066,6900.1,7943.54212629
6837.72532501,1522368000,7269.21615741,6590.53296207,7088.52145285
6933.87920545,1522454400,7230.95559729,6790.000004,6845
6823.02040095,1522540800,7043.14185553,6427.09999983,6920.00000001
7058.89414772,1522627200,7131.61946349,6766.01585088,6809.83130039
7412.27033867,1522713600,7505.45,7005.42709637,7047.40542744
6769.9450882,1522800000,7414.66693777,6684.31650299,7406.14599941
6774.99999999,1522886400,6910.00000001,6542.31393183,6777.91287792
6613.54563751,1522972800,6847.59216377,6499.98299166,6775
6890,1523059200,7062.79473838,6599.24631203,6614.99291873
7030,1523145600,7115.54428517,6890,6890.00000001
6761.53778457,1523232000,7184,6618.07799362,7025.00000046
6834,1523318400,6881.87332722,6658.71497418,6759.51995272
6966.46006249,1523404800,6979.11765561,6799,6835.6
7929.99999855,1523491200,8028,6750,6963.9
7875,1523577600,8230,7735.89167312,7921.84468403
7995.99999982,1523664000,8173.0008011,7822.30000001,7874.91258045
8356,1523750400,8404.01784022,7997.5573637,7997.5573637
8060,1523836800,8404,7870,8364.99999999
7891.1,1523923200,8168.57040884,7830.98999999,8060
8164.19061751,1524009600,8234,7873.93788908,7893.2
8286.99999791,1524096000,8296.99999997,8103.87643262,8167
8860,1524182400,8920.90530616,8216.00000001,8286.99999834
8931.99999846,1524268800,9019.90000059,8583.08841264,8851.10000069
8791.99999909,1524355200,9027.83932177,8732.0000003,8905.20399847
8934.97778259,1524441600,8990,8756.93816833,8782.81550804
9633.63095161,1524528000,9729.87993246,8915.23330792,8942.93334776
8860.0240739,1524614400,9754.97802829,8770.10010001,9635.99999999
9286,1524700800,9299,8652.58532314,8876.89999935
8920.01000009,1524787200,9386,8920.00000004,9286
9330.76125733,1524873600,9430.77714092,8881.05894107,8920.00000001
9423.79999636,1524960000,9580,9168.08572389,9358.16229919
9218.79293079,1525046400,9454,9101,9423.79999636
9070.97331262,1525132800,9235.38,8823,9235.38
9245,1525219200,9279.99999996,8967.2763848,9081.58477857
9746.08286219,1525305600,9822.51833374,9160,9245
9719.99999895,1525392000,9820,9537,9756
9878.36795403,1525478400,9994.48298795,9690.19107228,9716.34555274
9669.9999996,1525564800,9975,9478,9880
9390,1525651200,9689.889576,9180.00000002,9670
9201,1525737600,9474,9056.20692385,9389.99999978
9300.40000001,1525824000,9376,8970.9,9200.99999971
9020,1525910400,9402.37950456,8995,9317.60720751
8385.23146603,1525996800,9026.92553121,8355,9020
8471.75248934,1526083200,8636.48351648,8152.1,8409.99999971
8701.6132838,1526169600,8750,8311.00388856,8443.91022179
8671,1526256000,8882,8275.00000001,8673.43452866
8449.74000183,1526342400,8866.86022463,8420,8650.00000566
8336.80381573,1526428800,8484.70466449,8079.000001,8462.67000131
8050,1526515200,8471.74999999,7989,8341.95055587
8240,1526601600,8265,7920,8053.273328
8219.5,1526688000,8390,8135,8244
8525.00000001,1526774400,8585,8156.85537637,8226.79361551
8381.24277848,1526860800,8580,8309.88,8529.14120759
7985.23121618,1526947200,8400,7955,8390
7508.99999979,1527033600,8033.00182348,7430,7986.23121619
7575.00000126,1527120000,7720.56403461,7260,7499.64723025
7450.00000188,1527206400,7647.56598436,7337.4983627,7575.69842051
7331.75686948,1527292800,7617.26184739,7299.00000001,7460.15
7347.47616732,1527379200,7395,7222.1,7331.75686948
7100,1527465600,7450,7059.19,7352.05866919
7456.49341186,1527552000,7531.00388855,7055,7110.27109751
7381.00000001,1527638400,7556.23433461,7272.20810307,7463.6089913
7489.99999999,1527724800,7599,7337.2958179,7384.17186741
7529.99999984,1527811200,7600,7350.84342703,7489.99999999
7644.22813214,1527897600,7710,7446.97004431,7529.99999985
7710,1527984000,7771.9651282,7596.15218141,7644.1249646
7487.93552169,1528070400,7757.55,7448.39307872,7710
7622.73002569,1528156800,7658.22046665,7360.01,7498.18208824
7650.00000217,1528243200,7689.24681964,7487.37927988,7627.99999949
7694.09351679,1528329600,7750,7635,7655
7610.62165072,1528416000,7701.18704458,7545,7685.70818855
7490,1528502400,7682.86154523,7466.3,7615.35332351
6763.91319959,1528588800,7498.76022096,6650,7490.10000015
6874.596078,1528675200,6955.68849993,6622.12873599,6765.49999999
6540.00000001,1528761600,6883.89999914,6434.29893281,6874.5960782
6292.30084274,1528848000,6614.80741578,6123.77679339,6540
6626.9286401,1528934400,6703.09894302,6260.53925299,6299.23959935
6376.15122659,1529020800,6655.80953363,6363.10000082,6626.96239158
6483.83962365,1529107200,6557.93095203,6330,6374.45125813
6442,1529193600,6577,6428.41135718,6485
6714.48541476,1529280000,6799,6382.07754452,6444
6746,1529366400,6833,6660.00000001,6715
6753,1529452800,6807.06370614,6556.63650014,6746.2
6712.63276587,1529539200,6789.78706472,6676.1,6759.67999948
6041.6665,1529625600,6730.02540511,5888.88,6719.47637959
6164.34251788,1529712000,6250,6006.10000001,6041.69798095
6151.81429999,1529798400,6241.45949872,5760,6154.55052255
6240.00000166,1529884800,6339,6065,6140.00000867
6078.39999986,1529971200,6264.02000026,6021.75327797,6246.89999979
6137.87057885,1530057600,6185.0639698,6001.3,6078.89999921
5872.99999926,1530144000,6165.28461488,5781.55130152,6137.87057885
6197.50000071,1530230400,6300,5800,5866.24997922
6390.5236881,1530316800,6514.60037248,6183.33534474,6199.99999978
6348.80000001,1530403200,6500,6262,6399.4592826
6614.23108202,1530489600,6795.8308,6275,6362.66333749
6497.65940927,1530576000,6674.9293,6470,6615
6585.60313941,1530662400,6781.09999999,6410.89,6511
6532.21538558,1530748800,6697.97359292,6461.18461459,6583.2
6605,1530835200,6635.5,6441.51030018,6536.39429217
6760,1530921600,6800.000001,6516.71,6613
6703.51638138,1531008000,6782,6680,6760
6654.50000001,1531094400,6800.122952,6630,6703.5
6298,1531180800,6682.2281419,6260.00000004,6659.95530488
6374.00000397,1531267200,6406.06879997,6285.00106009,6304.02325863
6245,1531353600,6377,5999,6377
6218.64153614,1531440000,6349,6123.00000001,6245.65547191
6253.61666487,1531526400,6317.10572651,6178.206,6221.45599921
6343.13643,1531612800,6387.83960165,6235.09605744,6251.53947838
6735,1531699200,6744.98365423,6335.00000359,6350.16910676
7320.51202306,1531785600,7450.06703767,6661.09423324,6719.59975922
7372.78,1531872000,7589.6158,7232.00000002,7320.5120232
7475.18836125,1531958400,7564.99999999,7272.72113756,7376.04590835
7340.57785179,1532044800,7689.6158,7286.42714559,7480.8367389
7411.41060024,1532131200,7450,7220,7340.57785188
7405,1532217600,7579.96287255,7359.5,7399.89329578
7720,1532304000,7800,7380,7402.66279778
8410,1532390400,8480.00000001,7700,7719.99999999
8173.03501117,1532476800,8483.406,8055.32130921,8410.09309769
7938.00204999,1532563200,8314.94,7850.50000048,8174.98401119
8185.4764035,1532649600,8280,7801.995264,7938.00204999
8218,1532736000,8234.46501281,8075,8199.95557941
8221.15112094,1532822400,8297.99999998,8125.62313,8218
8178.05451886,1532908800,8264,7863.9999995,8223.00993812
7731.55172042,1532995200,8178.05451886,7643.00000001,8178.05451886
7616.01739137,1533081600,7752.40186539,7440.00000001,7733.55387023
7536.86137497,1533168000,7699.38887939,7464.6937052,7604.99203941
7411.21513438,1533254400,7533.9999994,7290,7533.9999994
7005,1533340800,7489.99999999,6939.96894754,7411.21513438
7034.20000001,1533427200,7084,6899,7005
6928.5,1533513600,7149,6850,7020.01513133
6712,1533600000,7150.46150139,6663.47410509,6938.75121385
6278.64307702,1533686400,6722.15692553,6124,6722.15692553
6526.3435,1533772800,6615.89544153,6184.29063412,6280.67370878
6147,1533859200,6568.00000059,6017.1712832,6534.98999998
6220,1533945600,6479.27935498,6011,6147
6310.79273054,1534032000,6469,6158.99999999,6220.2475963
6247.99951731,1534118400,6530,6151,6310.99999751
6189.72523945,1534204800,6247.15589592,5755,6246.22906202
6265.65991614,1534291200,6650,6176.69636165,6190.83856624
6312.89651855,1534377600,6472.43620644,6210.00000001,6275.84255265
6579,1534464000,6580,6286.1254482,6312.89651887
6388,1534550400,6619.88375235,6300.75370135,6579
6487.46551362,1534636800,6544.22339997,6306.21067385,6388
6250,1534723200,6521.57330046,6222.50117648,6480.62482263
6468.94324001,1534809600,6490,6248,6250.1
6354.76760181,1534896000,6894.59709394,6255.60855945,6479.13228986
6530.61679861,1534982400,6567.21624341,6344.41097009,6354.76760182
6685.5221834,1535068800,6718,6458.00247604,6525.836537
6726.09110293,1535155200,6789,6665,6693.30687869
6713.15160008,1535241600,6778.39567784,6571.29781001,6726.25829319
6905,1535328000,6935.81519294,6650,6711.7249996
7076.19119035,1535414400,7125.2884,6863,6899.94648226
7032.11521635,1535500800,7123.00003973,6899.9,7076.30737
6992.11499978,1535587200,7059.01888,6805.54366445,7040.3
7026.53245,1535673600,7090,6887.9150175,6984.6111043
7202,1535760000,7275,7013.87034594,7019.16858241
7299.99999999,1535846400,7338,7130.8720297,7201.66
7267.45,1535932800,7335,7196.07706309,7300
7359.08511489,1536019200,7409.75926505,7246.40614416,7267.44999903
6700.00000001,1536105600,7395.893925,6680,7359.08511332
6510.00000005,1536192000,6725.70621878,6300,6700.41491795
6388.73890713,1536278400,6550,6320,6511.50999985
6181.8813584,1536364800,6474.1,6121.4578745,6397.88266733
6247.78526753,1536451200,6448.58975983,6147,6180.55599492
6312.83369544,1536537600,6360.18486353,6231,6240
6291.15296,1536624000,6397.45613999,6162.34000005,6315
6338.40716479,1536710400,6350,6197.00000002,6291.05295
6488.37579999,1536796800,6523.32440495,6333.42326464,6333.42326464
6484.07812637,1536883200,6580.81401315,6382.7915,6483.87504268
6516.58184441,1536969600,6567.5156795,6474.352125,6478.6382
6500.08120626,1537056000,6519.60810804,6375,6518.27163
6253.27600298,1537142400,6530,6206.76043284,6500.08120627
6336.19450791,1537228800,6385.38555938,6226.48009191,6253.27600297
6383.93693339,1537315200,6523.1804,6120.10000001,6333.58189646
6492.03633727,1537401600,6550,6333.90000001,6389.46819001
6757.43406554,1537488000,6786.12134509,6492,6492.03633727
6730.99999804,1537574400,6832.39,6628.7939,6757.43406554
6702.00000068,1537660800,6730.9993997,6685.44709577,6728.8
